<?xml version="1.0" encoding="UTF-8"?>
<project-private xmlns="http://www.netbeans.org/ns/project-private/1">
    <editor-bookmarks xmlns="http://www.netbeans.org/ns/editor-bookmarks/2" lastBookmarkId="0"/>
    <open-files xmlns="http://www.netbeans.org/ns/projectui-open-files/2">
        <group>
            <file>file:/C:/Users/ROHIT/Documents/project%20hint/TTFJDBC%20(4)/TTFJDBC/src/daoimpl/UserDaoImpl.java</file>
            <file>file:/C:/Users/ROHIT/Documents/project%20hint/TTFJDBC%20(4)/TTFJDBC/src/Frames/BookingFrame.java</file>
            <file>file:/C:/Users/ROHIT/Documents/project%20hint/TTFJDBC%20(4)/TTFJDBC/src/Frames/UpdateFrame.java</file>
            <file>file:/C:/Users/ROHIT/Documents/project%20hint/TTFJDBC%20(4)/TTFJDBC/src/Frames/SterlingFrame.java</file>
            <file>file:/C:/Users/ROHIT/Documents/project%20hint/TTFJDBC%20(4)/TTFJDBC/src/Frames/LoginFrame.java</file>
            <file>file:/C:/Users/ROHIT/Documents/project%20hint/TTFJDBC%20(4)/TTFJDBC/src/Frames/AdminFrame.java</file>
            <file>file:/C:/Users/ROHIT/Documents/project%20hint/TTFJDBC%20(4)/TTFJDBC/src/main/TestMain.java</file>
            <file>file:/C:/Users/ROHIT/Documents/project%20hint/TTFJDBC%20(4)/TTFJDBC/src/model/User.java</file>
        </group>
    </open-files>
</project-private>
