<?xml version="1.0" encoding="UTF-8"?>
<project-private xmlns="http://www.netbeans.org/ns/project-private/1">
    <editor-bookmarks xmlns="http://www.netbeans.org/ns/editor-bookmarks/2" lastBookmarkId="0"/>
    <open-files xmlns="http://www.netbeans.org/ns/projectui-open-files/2">
        <group>
            <file>file:/C:/Users/ROHIT/Documents/NetBeansProjects/TicketBooker/src/BookerFrames/SterlingTheatre.java</file>
            <file>file:/C:/Users/ROHIT/Documents/NetBeansProjects/TicketBooker/src/BookerFrames/TicketBookFrame.java</file>
            <file>file:/C:/Users/ROHIT/Documents/NetBeansProjects/TicketBooker/src/dao/BookDao.java</file>
            <file>file:/C:/Users/ROHIT/Documents/NetBeansProjects/TicketBooker/src/main/TestMain.java</file>
            <file>file:/C:/Users/ROHIT/Documents/NetBeansProjects/TicketBooker/src/model/Booker.java</file>
            <file>file:/C:/Users/ROHIT/Documents/NetBeansProjects/TicketBooker/src/daoimpl/BookDaoImpl.java</file>
        </group>
    </open-files>
</project-private>
