<?xml version="1.0" encoding="UTF-8"?>
<project-private xmlns="http://www.netbeans.org/ns/project-private/1">
    <editor-bookmarks xmlns="http://www.netbeans.org/ns/editor-bookmarks/2" lastBookmarkId="0"/>
    <open-files xmlns="http://www.netbeans.org/ns/projectui-open-files/2">
        <group>
            <file>file:/C:/Users/ROHIT/Music/copy%20of%20the%20college%20proj/Hotel%20Management%20System%202/src/hotel/management/systemm/UpdateCustomer1.java</file>
            <file>file:/C:/Users/ROHIT/Music/copy%20of%20the%20college%20proj/Hotel%20Management%20System%202/src/hotel/management/systemm/UpdateCheck.java</file>
        </group>
    </open-files>
</project-private>
